Filepath,Gender
410F8NUGxLL._AC_UY1100_.jpg,male
11957.jpg,male
VERIFICCOTTONSHIRTBLUEWHITE01.jpg,female
11961.jpg,male
-473Wx593H-461169445-white-MODEL.jpg,male
M-SHIRTS-50023-20608-NAVY_4.jpg,male
AMORASLINENSHIRTWHITE01.jpg,male
MADEIRAIkat-CottonTopOffwhiteIndigo02.jpg,female
8ebd9a82a4ce12c1175b28128f0116ec.jpg,female
SONA2.jpg,female
51sPphzk++L._AC_UY1100_.jpg,male
mens-plain-cotton-shirt-with-face-mask-500x500.jpg,male
e642f0e384843a384b2f4aa3f9513a4c.jpg,female
Mellow-Sunrise-Shirt-4.jpg,male
136.jpg,female
Mellow-Sunrise-Shirt-2.jpg,male
juniper-830952.jpg,female
Ikkat-Cotton-Top-For-Daily-Wear.jpg,female
51pJDvAP0FL._AC_UY1100_.jpg,male
1_e5e548a3-a441-40b5-9482-42ecb8d8d159.jpg,male
M-SHIRTS-50000-20791-NAVY_5.jpg,male
-473Wx593H-442295513-offwhite-MODEL.jpg,male
zoom_1-1684579575.jpg,female
416509805d167094815ff8e7cae02dd8.jpg,female
DARZST0396_4.jpg,female
DSC01009_3e6efcae-517b-4102-bb1e-bdbb4a2cc1bf.jpg,male
juniper-828853.jpg,female
Untitled-1_0030_DSC04459.jpg,male
41UPbt5tpGL._AC_UY1100_.jpg,female
block-printed-cotton-shirt-in-black-v1-mre22.jpg,male
4a7976e3bf375b57da26a27534866005.jpg,male
